{
  "train_loss": [
    0.7770732256273428,
    0.6769580033918222,
    0.6181435597439607,
    0.5845712882777055,
    0.585617666443189,
    0.577630277723074,
    0.5534960441291332,
    0.548176223722597,
    0.5499132337669531,
    0.5371231371536851,
    0.5220901115487019,
    0.5141535258541504,
    0.5223563518375158,
    0.508193557150662,
    0.5197713542729616,
    0.49379692040383816,
    0.5098385053376356,
    0.5122880805283785,
    0.5085270889103413,
    0.4886820412551363,
    0.49490831916530925,
    0.49655554241811234,
    0.4955420990784963,
    0.5095740749190251,
    0.488988579561313,
    0.49280568150182563,
    0.4798509084309141,
    0.47975486190989614,
    0.4899181501629452,
    0.47903848672285676,
    0.4920748419438799,
    0.49035051465034485,
    0.48567599803209305,
    0.4856129822631677,
    0.4816973212485512,
    0.48700317616264027,
    0.49670434075718123,
    0.48616936927040416,
    0.5001643714495003,
    0.4743084929262598
  ],
  "val_iou": [
    0.25687234148294125,
    0.35712108705040063,
    0.8217669248580932,
    0.8850710034370423,
    0.876446807384491,
    0.7874883532524108,
    0.39395237442797393,
    0.4475093704075931,
    0.28287156813702785,
    0.49054459765668595,
    0.7465889096260071,
    0.7993181109428406,
    0.751291823387146,
    0.8020898699760437,
    0.9001040577888488,
    0.6018783032894135,
    0.5544358193874359,
    0.6545893430709839,
    0.7035982370376587,
    0.6500706076622009,
    0.6003803133964538,
    0.7526596307754516,
    0.7012241005897522,
    0.7008812308311463,
    0.8543171286582947,
    0.8525749564170837,
    0.8519784092903138,
    0.8033773541450501,
    0.8529871940612793,
    0.8049292206764221,
    0.8035147666931153,
    0.8044638633728027,
    0.7551617860794068,
    0.8565487623214721,
    0.8046238422393799,
    0.755221140384674,
    0.7547346472740173,
    0.8045773386955262,
    0.7562032818794251,
    0.8564637303352356
  ],
  "val_f1": [
    0.29391555532724056,
    0.3943957338094338,
    0.8533290147781372,
    0.912123692035675,
    0.9066402435302734,
    0.8130963444709778,
    0.4171990799600479,
    0.47850078161669957,
    0.30857702487073146,
    0.5142907781910487,
    0.7684807777404785,
    0.8203993082046509,
    0.7717167377471924,
    0.8221482276916504,
    0.9208507776260376,
    0.6219972908496857,
    0.5737357676029206,
    0.6737959027290344,
    0.7231114149093628,
    0.670720374584198,
    0.6208210945129394,
    0.7724255084991455,
    0.7213905692100525,
    0.7209938406944275,
    0.8736157178878784,
    0.8722464084625244,
    0.871848177909851,
    0.8229968905448913,
    0.8726109266281128,
    0.8240341901779175,
    0.8228658437728882,
    0.8236069202423095,
    0.774124538898468,
    0.87503080368042,
    0.823625111579895,
    0.7741316437721253,
    0.7737699508666992,
    0.8235425353050232,
    0.7748363614082336,
    0.8750329732894897
  ]
}