{
  "train_loss": [
    0.8408773814638456,
    0.7463233470916748,
    0.6870787888765335,
    0.6437922020753225,
    0.6194194468359152,
    0.5749785167475542,
    0.5686918422579765,
    0.5677392352372408,
    0.568781765177846,
    0.5357939188058177,
    0.5334499596307675,
    0.5266692029933134,
    0.5126331293334564,
    0.5204637187222639,
    0.522815739735961,
    0.5057427088419596,
    0.5078159629677733,
    0.5116420313715935,
    0.4881752912576,
    0.4906005800391237,
    0.5029231859371066,
    0.5013448757429918,
    0.5088361715897918,
    0.4837364222233494,
    0.49054435392220813,
    0.4959489942217867,
    0.49438729556277394,
    0.4958631289191544,
    0.502082332658271,
    0.4849258915831645,
    0.5044518052600324,
    0.49703377950936556,
    0.4711438918796678,
    0.4858753342802326,
    0.4855524975185593,
    0.48859208387633163,
    0.47572303221871454,
    0.48044764064252377,
    0.4833172775494556,
    0.469100387301296
  ],
  "val_iou": [
    0.18420214654192013,
    0.2809960491799682,
    0.29143467162363407,
    0.29742369656796414,
    0.2854536668465204,
    0.2874966147485827,
    0.2892272602257856,
    0.290281224477723,
    0.2816857240655114,
    0.29209075208536184,
    0.28732669311256825,
    0.2964024564430817,
    0.3020570891655507,
    0.6993912041187287,
    0.4560057063048468,
    0.3004947328935409,
    0.6500851035118103,
    0.7634339094161987,
    0.7591018557548523,
    0.6055200517177581,
    0.7610761284828186,
    0.45815981496082825,
    0.3112036090503305,
    0.9026982069015503,
    0.5609262645244598,
    0.7546736836433411,
    0.7587837815284729,
    0.6620576977729797,
    0.7621364951133728,
    0.5147110247377953,
    0.609129273891449,
    0.7146045804023743,
    0.7676612734794617,
    0.808658504486084,
    0.7636801123619079,
    0.7658599376678467,
    0.8154441595077515,
    0.7175389766693115,
    0.8148243069648743,
    0.7660927891731262
  ],
  "val_f1": [
    0.23274551631197019,
    0.30814950539105823,
    0.31509869311563843,
    0.31931685214276273,
    0.3112965599701471,
    0.31240351229344354,
    0.3138485323128828,
    0.3140761139277962,
    0.30753388623973626,
    0.315206851919804,
    0.31108812051506457,
    0.3180393954918488,
    0.32228914673696185,
    0.7200764834880828,
    0.4745954174941168,
    0.3207104349504256,
    0.6704582929611206,
    0.7794593453407288,
    0.7767220377922058,
    0.6241732656955719,
    0.7779311180114746,
    0.47631915677296205,
    0.32805541569095553,
    0.9222485184669494,
    0.5777358949184418,
    0.7735538482666016,
    0.7763836503028869,
    0.6785460472106933,
    0.7786632776260376,
    0.5302451991800865,
    0.6266139507293701,
    0.7301751971244812,
    0.7821249961853027,
    0.8262485980987548,
    0.7795640707015992,
    0.7809044003486634,
    0.8306215763092041,
    0.7319677352905274,
    0.8302412509918213,
    0.7810587763786316
  ]
}